street,income
66204 Stewart Isle,$70000-$80000
06103 Lind Passage,$70000-$80000
40428 Braxton Lane,$100000-$110000
27232 O'Kon Key,$80000-$90000
72929 Bobby Island,$70000-$80000
44152 Boyle Fall,$70000-$80000
061 Dach Divide,$100000-$110000
50574 Dietrich Trail,$50000-$60000
971 Dariana Islands,$80000-$90000
4990 Eloy Circle,$70000-$80000
057 Noemie Valley,$60000-$70000
6995 Kuhn Stream,$70000-$80000
095 Shields Cliff,$60000-$70000
3722 Hand Cove,$20000-$30000
1691 Ratke Corner,$60000-$70000
13457 Shane Creek,$40000-$50000
6027 Willy Glen,$20000-$30000
6754 Mae Mews,$-10000-$0
08439 Fay Lodge,$60000-$70000
2730 Moshe Station,$30000-$40000
59511 Santino Station,$50000-$60000
80530 Rath Row,$80000-$90000
4486 Shad Mill,$60000-$70000
40839 Arthur Prairie,$60000-$70000
4397 Crist Viaduct,$20000-$30000
80783 Weston Dam,$50000-$60000
1039 Nathen Spur,$-10000-$0
74328 Johnson Port,$70000-$80000
783 Christiansen Branch,$70000-$80000
36380 Griffin Ramp,$60000-$70000
98265 Adriana Oval,$50000-$60000
045 Kshlerin Forest,$90000-$100000
45628 Abernathy Station,$100000-$110000
404 Hirthe Springs,$50000-$60000
5319 Lesch Courts,$30000-$40000
3195 Beier Isle,$10000-$20000
58064 Dickinson Ville,$20000-$30000
70038 Bergnaum Parks,$90000-$100000
3326 Pedro Run,$20000-$30000
68243 Olson Junctions,$70000-$80000
426 Hintz Landing,$30000-$40000
929 Queenie Harbor,$0-$10000
72994 Prohaska Way,$60000-$70000
041 Kaelyn Lock,$50000-$60000
6758 Hilpert Wall,$90000-$100000
02392 Lebsack Prairie,$50000-$60000
0321 Jones Fields,$-20000-$-10000
4478 Kristin Groves,$10000-$20000
328 Lauren Fall,$20000-$30000
879 Kaci Coves,$50000-$60000
6153 Joshuah Rapids,$70000-$80000
70555 Lelah Forks,$60000-$70000
584 Cali Extensions,$60000-$70000
738 Koch Village,$90000-$100000
0154 Mina Corner,$40000-$50000
32716 Oceane Mountains,$60000-$70000
02748 Eliseo Station,$40000-$50000
1005 Lemuel Plaza,$50000-$60000
9466 Alejandra Branch,$30000-$40000
2267 Alejandrin Lights,$-10000-$0
746 Ivah Ports,$30000-$40000
78363 Littel Bypass,$50000-$60000
21444 Bernadine Trail,$0-$10000
210 Renee Expressway,$80000-$90000
2388 Schumm Fords,$20000-$30000
06167 Nora Forges,$10000-$20000
111 Rhea Pike,$50000-$60000
1400 Stehr Curve,$50000-$60000
9673 Jacobson Roads,$60000-$70000
9467 Jamel Plains,$20000-$30000
6776 Dortha Tunnel,$60000-$70000
6352 Fadel Pass,$40000-$50000
968 Nova Fields,$20000-$30000
773 Prohaska Viaduct,$80000-$90000
57346 Bechtelar Bypass,$100000-$110000
614 Jamir Prairie,$50000-$60000
495 Kristopher Track,$30000-$40000
937 Kaleb Landing,$-10000-$0
6567 Nash Circles,$0-$10000
3082 Kuhlman Vista,$50000-$60000
113 Barrows Port,$40000-$50000
00364 Nitzsche Pines,$80000-$90000
016 Donnelly Parkways,$50000-$60000
506 Nasir Prairie,$40000-$50000
089 Ludwig Glens,$60000-$70000
93253 Buckridge Isle,$20000-$30000
4300 Adam Stravenue,$50000-$60000
04561 Kulas Forest,$70000-$80000
4267 Turcotte Mission,$30000-$40000
726 Elmo Junctions,$50000-$60000
3690 Jast Fall,$40000-$50000
64722 Chadrick Greens,$80000-$90000
9853 Schneider Passage,$50000-$60000
20546 Barney Flat,$30000-$40000
7447 Dena Corners,$30000-$40000
022 Schuster Isle,$50000-$60000
4888 Skiles Centers,$40000-$50000
722 Sheridan Ways,$60000-$70000
211 Mann Heights,$40000-$50000
435 Orval Estate,$60000-$70000
